text,sentiment
Finnish Bore that is owned by the Rettig family has grown recently through the acquisition of smaller shipping companies .,positive
"As a result of the negotiations , the company will terminate total 5 employment contracts .",negative
"In the reporting period , EPS stood at EUR0 .07 versus EUR0 .11 .",negative
"`` We continued actively to focus R&D and to position our offering away from point solutions towards dynamic end-to-end solutions , '' Ervio stated .",positive
"KESKO CORPORATION STOCK EXCHANGE RELEASE 28.02.2008 AT 09.30 1 ( 1 ) Kesko Corporation and Aspo plc today signed an agreement by which Aspo acquires the share capital of Kauko-Telko Ltd , a subsidiary wholly owned by Kesko .",positive
"Besides , as there is no depositor preference in Finland , senior debt and deposits rank on a par , which is also taken into consideration , the agency added .",neutral
The company said that it has started to investigate streamlining its operations in order to meet the tightening competition on the mobile phone charger market .,positive
"The OMX Helsinki 25 ended 0.47 pct lower at 3,150.55 and the OMX Helsinki was down 0.21 pct at 10,736.42 on 1.523 bln eur turnover .",negative
"Earnings per share EPS amounted to EUR0 .03 , up from the loss of EUR0 .08 .",positive
"Tecnomen 's solution can be used for prepaid and post-paid billing , for charging and rating of voice and video calls , data traffic and any kind of content services in both mobile and fixed networks .",neutral
"As a domestic business , Best-In is already close to Finnish dog owners .",positive
"Previously , the company had guided for EBIT and sales growth of 20 pct and 10 pct respectively for this year .",positive
"And the broker repeated its ` buy ' rating , based on expectations that current restructuring will lead to a clear improvement in performance in Europe in 2007 .",positive
Operating profit decreased to EUR 16mn from EUR 21.1 mn in 2008 .,negative
"Target company : Tieto Corporation , Business Identity Code : 0101138-5 Date of change in holding : 22 January 2010 Portion of the shares and votes : The current group holding of OP-Pohjola Group Central Cooperative ( OPK ) is 2982 587 shares , which represents 4.14 % of the shares and voting rights .",neutral
The plant is expected to enter commercial operation by mid-2009 .,neutral
` By separating side businesses we will be able to faster expand and develop Tapro retail network .,positive
"Goodwill and other intangible assets account for some 2.0 mln euro ( $ 2.6 mln ) of the purchase price , 20 pct of which payable in Aspo shares .",neutral
"The company estimates that the trend in demand for sports equipment will be steady in 2006 , '' Amer 's report said .",positive
Finnish Ahlstrom Corporation has ordered key production equipment for a new glass nonwovens production line at its Russian Tver Mill from Finnish Vaahto Pulp & Paper Machinery ( that is part of Vaahto Group ) .,positive
The world 's biggest magazine paper maker said the program to improve efficiency will include closing several of its least competitive mills and would cover all the company 's operations resulting in annual savings of some euro200 million US$ 240 million .,positive
"Sales in Finland decreased by 2.0 % , and international sales decreased by 9.3 % in terms of euros , and by 15.1 % in terms of local currencies .",negative
25 March 2011 - Finnish electronics contract manufacturer Scanfil Oyj HEL : SCF1V said today its plan to merge wholly owned Scanfil EMS Group with Ojala-Yhtyma Oy has hit a snag as shareholders of the domestic rival rejected the deal .,negative
"Sales at the Tiimari business went down by 8 % to EUR 11.8 million , while Gallerix stores saw 29 % growth to EUR 2 million .",negative
The initial estimated total value was 1744900 EUR and the final award value was 1744900 EUR .,neutral
Finnish plumbing and heating systems supplier Uponor is temporarily laying off its whole workforce in Finland for two weeks as of mid-July 2009 .,negative
"Ixonos estimates that it will hire 20 specialists in mechanical engineering , electronics design , and R&D for its new unit in Jyvaeskylae by the end of 2009 .",positive
The fair value of the company 's investment properties grew to EUR 2.803 billion at the end of March 2009 from EUR 2.691 million a year ago .,positive
Profit before taxes decreased to EUR 31.6 mn from EUR 50.0 mn the year before .,negative
"However , the net sales declined to EUR 803.6 million from EUR 1.2 billion .",negative
Operating profit excluding non-recurring items totaled EUR 5.4 mn compared to EUR 5.5 mn in the corresponding period in 2007 .,negative
The diluted loss per share narrowed to EUR 0.27 from EUR 0.86 .,positive
TeliaSonera has secured deliveries for 4G modems with support for 3G and 2G during the second quarter 2010 .,positive
"The government started the sell-off last month , putting an 8 percent stake in TeliaSonera on the auction bloc .",neutral
The purpose of this action is to ensure company 's cost effectiveness this year and in the near future .,positive
"However , the orders received during the period under review fell by 17 % quarter-on-quarter from the EUR 213 million recorded in the second quarter of 2010 .",negative
"In 2006 , the company intends to invest significantly in expanding its distribution and maintenance network .",positive
"In January-August 2009 , imports by sea in container , lorry , and trailer units fell by 27.7 % and exports by 28.6 % from the corresponding period in 2008 .",negative
Salonen added that data shows producers ' pulp inventories in North America are declining . ',negative
"Aho is proud of the company 's new product , Lordi-Cola .",neutral
Finnish Civil Aviation Administration decided to temporarily reopen Finnish capital 's Helsinki airport since 3 p.m. to 11 p.m. Monday local time .,neutral
"`` This is a significant milestone for Benefon , helping us to secure critical USP 's for our personal navigation product roadmap for 2007 and beyond , '' commented Simon Button , Chief Technology Officer at Benefon .",positive
Finnish communication electronics components supplier Scanfil Oyj Tuesday said sales in the first half of 2006 will be 15 % lower than during the same period a year ago .,negative
Viking Line has canceled some services .,negative
"Finnish lifting equipment maker Konecranes Oyj said on July 30 , 2008 that its net profit rose to 71.2 mln euro ( $ 111.1 mln ) for the first half of 2008 from 57.1 mln euro ( $ 89.1 mln ) for the same period of 2007 .",positive
Sports equipment sales also progressed well owing to the prolonged winter season .,positive
Ruukki Group calculates that it has lost EUR 4mn in the failed project .,negative
"Ruukki has signed a contract to deliver and install the steel structures for a bridge over the Kyronsalmi strait in Savonlinna , Finland .",positive
An individual promotion also generated slightly higher-than-expected revenues .,positive
"( ADP News ) - Jan 27 , 2009 - Finnish industrial machinery company Vaahto Group Ltd Oyj ( HEL : WAT1S ) said today that its subsidiary Vaahto Ltd would cut 15 jobs in Finland .",negative
The value of the orders is about EUR 25mn .,neutral
"The chilled meat products category led the meat , fish and poultry market in Finland , accounting for a share of 31.4 % .",neutral
"This location makes the mall a convenient place to shop for consumers from three large residential areas nearby : Jaroszowka , Wysockiego and Zgody .",positive
"The pulp production in Finnish Kemij+Ærvi will also be liquidated and about 1,100 employees loose their jobs .",negative
Operating profit in the fourth quarter went down to EUR3m from EUR4 .2 m for the corresponding period of 2009 as it included costs of growth projects .,negative
It has some 30 offices worldwide and more than 90 pct of its net sales are generated outside Finland .,neutral
"The Annual Report contains the financial statements , the consolidated financial statements , the report by the Board of Directors and the auditor 's report .",neutral
Olvi has posted a strong set of figures for the first six months of this year .,positive
Panostaja Oyj s ( Panostaja ) Board of Directors decided on 16 December 2010 on a new long-term incentive and commitment plan for members of the management team .,positive
"Key shareholders of Finnish IT services provider TietoEnator Oyj on Friday rejected a hostile EUR1 .08 billion $ 1.67 billion offer from buyout shop Nordic Capital , giving new life to a possible counter offer from Blackstone Group LP and Norwegian telecom Telenor ASA .",positive
"The combination of all services enabling us to offer a complex and strengthened service chain not only limited to the Baltic port connections but also for getting access to the world wide Grimaldi Network into the Mediterranean , Africa and North America `` says Uwe Bakosch .",positive
"Finland 's Nokian Tyres and Kazakhstan 's Ordabasy Corporation signed an agreement to build a plant in Astana to produce car tires , Ordabasy chairman Dinmukhamet Idrisov said at a press conference .",positive
"Alma Media Corporation PRESS RELEASE March 25 , 2010 TYRV+_+_N SANOMAT PURCHASE CONFIRMED The business operations of Tyrv+Æ+Æn Sanomat Oy will be transferred to Suomen Paikallissanomat Oy .",neutral
The majority of the company 's personnel in Finland is temporarily laid off from one to six weeks in the period from February to June 2009 period .,negative
"`` However , the rapidly increasing costs and the strengthening of the euro were challenging for the whole industry , and they impacted on our results . ''",negative
Finnish KCI Konecranes has been awarded an order for four hot metal ladle cranes by Indian steel producer Bhushan Steel & Strips to be delivered in 2007 .,positive
"According to Laavainen , Raisio 's food marketing used to be reactive and inconsistent .",negative
The number of salaried employees and group administration employees to be dismissed from the Sievi units is 17 .,negative
"The agreement was signed with Biohit Healthcare Ltd , the UK-based subsidiary of Biohit Oyj , a Finnish public company which develops , manufactures and markets liquid handling products and diagnostic test systems .",positive
"Veidekke , headquartered in Oslo , Norway , is a Scandinavian construction and property development group with some 6,350 employees in Norway , Sweden and Denmark , with an annual turnover of NOK16 .4 bn .",neutral
Rubin says he expects Capman to announce 1-2 additional transactions in 2009 .,neutral
"During the past decade it has gradually divested noncore assets and bought several sports equipment makers , including California-based Fitness Products International and Sparks , Nevada-based ATEC , a leading maker of baseball and softball pitching machines .",positive
LONDON MarketWatch -- Share prices ended lower in London Monday as a rebound in bank stocks failed to offset broader weakness for the FTSE 100 .,negative
"( ADPnews ) - Dec 30 , 2009 - Finnish investment group Neomarkka Oyj ( HEL : NEMBV ) said today that it will furlough employee in its unit Reka Cables Ltd for less than 90 days , starting in January 2010 .",neutral
"Cargo traffic fell 1 % year-on-year to 8,561 tonnes in September 2009 .",negative
"Stora Enso Oyj , the largest papermaker , in October said it would close four mills .",negative
"According to Ultrascan , with a software acquired from crackers , it has managed to change the mobile phone in a way that the phone was able to get hold of a one-time password sent by a bank via a text message .",neutral
"Laavainen said Benecol was well known in Europe and the US , where it had been in the market for 15 years .",neutral
"In addition , a further 29 employees can be laid off until further notice and the whole workforce can be laid off for short periods if needed .",negative
"Also the city 's insurance company , If P & C Insurance , has said it will not pay compensation .",negative
"Amer Sports divests an industrial site in Rumilly , France -  This announcement is distributed by Thomson Reuters on behalf of Thomson Reuters clients .",neutral
Benefon 's target is to lay off temporarily of permanently up to 20 % of the Salo plant 's staff .,negative
Most of the layoffs will be in Finland .,negative
The combined value of the orders is almost EUR 3mn .,neutral
TeliaSonera said about $ 100 million will be invested in the next year in the region to bring mobile coverage to about 90 % of Nepal s population .,positive
Cash flow from operations rose to EUR 52.7 mn from EUR 15.6 mn in 2007 .,positive
The company turned to earnings per share ( EPS ) of EUR 0.03 versus loss per share of EUR 0.01 .,positive
"CapMan has four investment areas ( CapMan Buyout , CapMan Technology , CapMan Life Science and CapMan Real Estate ) , and each of them has a dedicated team .",neutral
"Anttila 's online department store - NetAnttila - has an established position as the best-known , most visited and most shopped online store in Finland  .",neutral
"The evidentiary hearing in the Investigation is scheduled for April 21 - May 1 , 2008 .",neutral
"s NASDAQ OMX : GEO1V , GyPSii business unit , developers of the award-winning GyPSii mobile social networking application , today announced its availability as a free download via the Samsung Mobile Applications Store .",neutral
"At 12.01 pm , the OMX Helsinki 25 was down 0.66 pct to 3,143.57 and the OMX Helsinki was 0.67 pct lower at 10,530.74 on 253 mln eur turnover .",negative
The executive group will participate in the adjustments with a fixed-term 5 % salary cut .,positive
Exel wants to serve its industrial customers with individual products .,neutral
The German subsidiary will produce software development services for Ixonos Telecommunications Business Unit 's client projects .,neutral
"The pine oil project is related to the upgrade of the chemical recovery plant of UPM at its pulp mill in Kymi , southern Finland .",neutral
"Retail chain Suomen L+Æhikauppa was given the index 5.8 , airline SAS 5.8 , TeliaSonera 's broadband 6.1 , German retail chain Lidl 6.1 , Tele Finland 's mobile subscriptions 6.1 , Tallink shipping line 6.3 , and power company Helsinki Energy 6.3 .",neutral
"Adjusted for changes in the Group structure , the Division 's net sales increased by 1.7 % .",positive
"Paper stocks were among the biggest fallers , with Stora Enso down 2.30 pct to 14.01 eur , M-real down 2.86 pct to 5.09 eur and UPM-Kymmene 1.14 pct lower at 19.10 eur .",negative
"`` Lining stone sales were also good in the early autumn , and order books are strong to the end of the year .",positive
It will combine and renew the contents and functionality of the current systems for funding and online service as well as their maintenance .,positive
Finland-based international machinery rental company Ramirent Plc ( OMX Helsinki : RMR1V ) reported on Friday ( 15 August ) an operating profit of EUR65 .0 m on net sales of EUR342 .9 m for the period January-June 2008 .,neutral
"Frost sold shares for $ 19 million at $ 6.06-7 .12 per share , compared with Friday 's high of $ 11.33 and low of $ 10.14 .",negative
"The orders are for 26 machine-room-less KONE MonoSpace elevators , which would be installed during 2006 .",neutral
"The transaction will have a positive impact of around EUR2m on earnings , which Ruukki will recognize during the fourth quarter of this year .",positive
The real estate company posted a net loss of +ˆ  x201a -õ 59.3 million +ˆ  x201a -õ 0.21 per share compared with a net profit of +ˆ  x201a -õ 31 million +ˆ  x201a -õ 0.11 per share for the corresponding quarter of 2007 .,negative
"`` The acquisition of Sampo Bank makes strategic sense for DB , '' says Lindsey Liddell , director of Fitch Ratings 's Financial Institutions Group .",positive
The company 's operating profit for 2006 stood at 39.6 mln euro ( $ 57.9 mln ) .,neutral
The machinery now ordered will be placed in a new mill with an annual production capacity of 40 000 m3 of overlaid birch plywood .,neutral
"The Baltimore Police and Fire Pension , which has about $ 1.5 billion , lost about $ 3.5 million in Madoff Ponzi scheme .",negative
"29 September , 2010 Finnish waste management and recycling company Lassila & Tikanoja expands its operations in Russia by introducing its recently completed recycling plant in the city of Dubna near Moscow .",positive
"Profit for the period totalled EUR 1.1 mn , down from EUR 1.6 mn in the third quarter of 2008 .",negative
The Finnish daily Kauppalehti surmises that Finnish supplier Rautaruukki has raised its prices above Aker 's comfort zone .,negative
"Finnish Scanfil , a contract manufacturer and systems supplier for communication and industrial electronics reports net sales of EUR 108.7 mn in the first half of 2008 , down from EUR 111.1 mn a year earlier .",negative
"LKAB , headquartered in Lulea , Sweden , is a high-tech mining company producing upgraded iron ore products for the steel industry .",neutral
"EQT has completed its exit from Salcomp , a Finnish company that makes mobile phone chargers , by selling its remaining stake to Swedish investment group Nordstjernan for about ( EURO ) 35 million ( $ 47 million ) .",neutral
"In 2006 , 452 million tonnes CO2 of EUA ( EU Allowance ; emissions credit in EU ) was traded with an underlying market value approx .",neutral
"The company 's goal is to achieve annual savings of EUR 2 million ( USD 2.7 m ) , of which two thirds are to be realized in 2010 .",positive
Metso estimates the need for personnel reductions to amount to 25 people .,negative
Finnair said that the cancellation of flights would cause daily losses of  x20ac 2.5 million US$ 3 million .,negative
The program 's target is structural cost reductions of about EUR 30mn in 2009 .,positive
This is a much better process than using virgin paper as it requires less transportation of wood pulp from places like Finland and Canada .,positive
The veneer and plywood industry in Sweden is quite small despite the raw material resources .,neutral
"In the Baltic countries , sales fell by 42.6 % .",negative
"At the seminar , a memorandum of understanding on co-operation was signed between the Finnish Kemira Company and Vietnam National Chemical Corporation .",positive
"The contract covers HDO platform , AC800 and CXE880 optical Fttb nodes designed to increase the forward and return path capacity of the transmission networks .",positive
Operating profit fell to EUR 20.3 mn from EUR 74.2 mn in the second quarter of 2008 .,negative
Protalix is developing genetically engineered proteins from plant cells .,neutral
"Operating profit for the 12-month period decreased from EUR5 .4 m while net sales increased from EUR62 .0 m , as compared to the financial year 2004 .",negative
"The Finnish national carrier said net loss in April through June was euro26 million , down from a net profit of euro13 million a year earlier .",negative
The District Court of Helsinki dismissed all charges as the court of first instance in 2005 .,positive
"In Finland , metal sector company Componenta is laying off temporarily the staff of its Pori mill from Christmas 2008 till 6 January 2009 .",negative
Finnish elevators and escalators maker KONE Corporation said on Tuesday ( 18 March ) that it has received a major order from Sir Robert McAlpine to supply all elevators and escalators for the Watermark Place project in the City of London .,positive
`` The announced investment of the carmaker Hyundai for example sounds optimistically for us as of course new cars mean new tires . '',positive
18 March 2010 A leakage in the gypsum pond was detected today at the Talvivaara mine .,negative
"BasWare 's CEO Ilkka Sihvo comments in conjunction with the Interim Report : `` As a whole , BasWare succeeded well in the second quarter of 2007 .",positive
"The financial impact is estimated to be some 1.5 MEUR annual improvement in the division 's result , starting from fiscal year 2007 .",positive
services supplier Efore Plc to streamline operations in Finland and the US Finnish electronic systems and services supplier Efore Plc ( OMX Helsinki : EFO1V ) said on Tuesday ( 3 February ) that it has initiated statutory negotiations regarding a streamlining of its operations in Finland .,positive
"Utah 's capital wanted to be the next U.S. headquarters of Amer Sports Corp. , a ski-equipment company .",neutral
"Forestries were also higher , driven by yesterday 's bullish analyst comment on Stora Enso in Dagens Industri , dealers said .",positive
Last year SysOpen Digia invested in IBM product know-how in the building of portal and trading place systems and successfully implemented customer solutions supported by it .,positive
"Ahlstrom 's 5,800 employees serve customers via sales offices and production facilities in more than 20 countries on six continents .",neutral
"Cash flow from operations totalled EUR 2.71 mn , compared to a negative EUR 0.83 mn in the corresponding period in 2008 .",positive
"In the second quarter of 2010 , the group 's pretax loss narrowed to EUR 400,000 from EUR 600,000 .",positive
"Result before taxes decreased to nearly EUR 14.5 mn , compared to nearly EUR 20mn in the previous accounting period .",negative
"Dirk Jones , head of Financial Institutions Client Sales Management , GTS , Citigroup , Inc , said , ` Citi is extremely pleased to be providing global custody services to Pohjola Group Bank .",positive
The purchase sum is about EUR 10mn US$ 12.97 mn .,neutral
A high court in Finland has fined seven local asphalt companies more than   lion ( $ 117 million ) for operating a cartel .,negative
The contract was signed in August with Papua New Guinea-based Lihir Gold Ltd ASX : LGL .,positive
"The new agreement , which expands a long-established cooperation between the companies , involves the transfer of certain engineering and documentation functions from Larox to Etteplan .",positive
It is the most awkward thing to use if you 're holding the phone with one hand .,negative
"( ADPnews ) - May 4 , 2010 - Finnish cutlery and hand tools maker Fiskars Oyj Abp ( HEL : FISAS ) said today its net profit declined to EUR 12.9 million ( USD 17m ) in the first quarter of 2010 from EUR 17 million in the correspond",negative
"The contract , which was signed yesterday , will run for five years and includes a two-year extension option .",neutral
"Finnish newspaper publisher Sanoma , of media group SanomaWSOY , is merging its free sheets Uutislehti 100 and Metro as of mid-September 2008 to form a new free sheet to be named Metro .",neutral
Finnair 's total traffic decreased by 8.7 % in terms of revenue passenger kilometres .,negative
"`` After the transaction , Tikkurila has no powder coatings-related operations , '' the company said .",neutral
"HELSINKI AFX - KCI Konecranes said it has raised its stake in MMH Holdings Inc , the owner of US-based Morris Materials Handling , to 90.9 pct from 74.5 pct .",positive
"YIT 's Baltic sales in the first three quarters of 2008 totaled 106.2 million euros , representing a drop of 29 percent year on year .",negative
Espoon kaupunki awarded contracts for personal care products .,positive
"The company 's operating income ( EBIT ) totalled EUR 0.0 mn , up from EUR -0.3 mn year-on-year .",positive
"`` Of course , we are in talks with all those coming up with new projects that involve material handling , '' Konecranes President and CEO Pekka Lundmark said , when asked whether it was talking to Reliance Industries for supplying equipment to its upcoming refinery in Jamnagar .",neutral
"The utility will also provide services related to electricity management , such as hedging trades and risk management and reporting .",neutral
"Shares of Standard Chartered ( STAN ) rose 1.2 % in the FTSE 100 , while Royal Bank of Scotland ( RBS ) shares rose 2 % and Barclays shares ( BARC ) ( BCS ) were up 1.7 % .",positive
Net profit fell by almost half to +â 5.5 million from +â 9.4 million at the end of 2007 .,negative
GET MIDNIGHTTRADER IN REALTIME : This report is delayed .,neutral
TELE2 Affarsvarlden gave a `` buy '' recommendation on mobile operator Tele2 AB and a share price target of 142 crowns ( $ 23.54 - 15.19 euro ) .,positive
"As of August 2008 , Glaston 's North Asian sales and service region is upgraded to a new market area , North Asia .",neutral
No changes in media activity were seen in October compared with September .,neutral
The number of bodily injury cases quadrupled in 2000-2006 .,negative
"The new facility , to be known as Technopolis Pulkovo , will introduce to the Russian market an entirely new concept of creating , operating and growing a commercially-funded science and technology park to support the growth of knowledge-intensive companies .",neutral
The company will issue an inaugural Eurobond deal in the near future subject to market conditions .,neutral
The second-quarter net sales are expected to be on par with the first quarter of 2009 .,neutral
Repeats sees 2008 operating profit down y-y ( Reporting by Helsinki Newsroom ) Keywords : TECNOMEN-RESULTS,negative
The company decided at the end of 2008 to temporarily shut down its ammonia plant in Billingham and extend the maintenance period at its Ince facility .,negative
Latvenergo has ordered a significant expansion to the Tekla Xpower network information system .,positive
A new production line is being completed for the contract production of hormone treatments .,positive
Kone said in court papers that the union action delayed repairs to elevators at the federal courthouse on Jan. 21 and the Saltonstall state office building on Jan. 23 .,negative
"Wartsila won the contract in October 2007 and the plant will be installed at Manturovo in the Kostroma region of Russia , about 600 km northeast of Moscow , Russia .",positive
"Jawad Williams scored 23 points in an impressive debut for Jerusalem , with Jason Rich adding 18 and Yuval Naimi chipping in with 16 points for Hapoel , which visits the yellow-and-blue next week .",positive
This organization will assume the responsibility for operations in Russia .,neutral
Nordea sees a return to positive growth for the Baltic countries in 2011 .,positive
"According to Finnish L+Ænnen Tehtaat 's CEO Matti Karppinen , now that L+Ænnen Tehtaat has sold the majority of its feed and grain business , it will quickly start to look for acquisitions .",neutral
Nokia Siemens Networks has struggled to make a profit in the past two years .,negative
"`` The considerably weaker U.S. dollar and British pound had an impact on sales and average prices in euros , '' UPM said .",negative
"Cencorp 's net sales in the first quarter is estimated to be EUR0.9-1 .2 m , as compared to EUR4 .5 m in the first quarter 2008 .",negative
15 November 2010 - Finnish energy company Fortum Oyj HEL : FUM1V said today it and partners started negotiations to establish a new operating model for energy supply in the Turku region of western Finland .,neutral
The company 's share is quoted on NASDAQ OMX Helsinki Rautaruukki Oyj : RTRKS .,neutral
"Net sales of the Paper segment decreased to EUR 221.6 mn in the second quarter of 2009 from EUR 241.1 mn in the second quarter of 2008 , while operating profit excluding non-recurring items rose to EUR 8.0 mn from EUR 7.6 mn .",negative
"The order consists of outsourced application management , support and planning for Tecnotree and third-party applications .",neutral
In 2005 Cargotec 's net sales exceeded EUR 2.3 billion .,neutral
"All the ferries had run into trouble just outside the Stockholm archipelago , made up of more than 20,000 islands .",negative
"Myllykoski , with one paper plant in Finland , one in the US and three in Germany , had revenues of EUR286m in the first half of 2010 and an operating loss of EUR12m , Reuters said .",negative
The court found TelecomInvest 's arguments convincing .,positive
"Finland-based companies , L+Ænnen Tehtaat and Raisio , have decided to dissolve the joint venture company ZAO Scandic Feed , which was established to start local animal feed business and feed production in northwest Russia .",neutral
Finland-based Stockmann Group has closed seven franchising sports stores Nike in Russia .,negative
"UPM-Kymmene www.upm-kymmene.com produces magazine papers and newsprint , as well as fine and specialty papers , converting materials and wood products .",neutral
"Revenue for the quarter totaled 27.4 billion , down 2 percent from 28.1 billion in the fourth quarter in 2008 .",negative
Both companies will keep their commercial independence and continue to market their traditional products individually .,neutral
The Group 's order portfolio decreased from EUR 42.9 mn in 9-2007 to EUR 33.3 mn in 2-2008 .,negative
The company reports a loss for the period of EUR 0.4 mn compared to a loss of EUR 1.9 mn in the corresponding period in 2005 .,positive
"By combining its existing solutions into a single platform , Comptel said that it has reduced the cost of deployment .",positive
"The announcement pushed Freenet shares down 6.3 % , or EUR0 .71 , in Frankfurt trade to EUR10 .65 as investors gave up hope United Internet AG and Drillisch would pursue their own takeover and breakup of Freenet .",negative
"According to Aktia Asset Management , Finnish analysts ' forecasts for 2009 are still too high .",negative
"Martela said plans to expand its recycled furniture business elsewhere in Finland , too .",positive
The Group 's revenue in 2009 amounted to EUR 70 million and the company currently employs approximately 780 people .,neutral
"ALEXANDRIA , Va. , Jan. 9 -- United States Patent no. 7,862,685 , issued on Jan. 4 , was assigned to Kemira Chemicals Inc. ( Marietta , Ga. ) .",neutral
Finnish beverage company Olvi is introducing a new long drink Olvi Kultalonkero ( `` golden long drink '' ) in the market in Finland in the spring of 2009 .,neutral
Finnish plumbing and heating systems supplier Uponor announced a company-wide cost reduction program in August 2008 .,neutral
No financial details were disclosed .,neutral
Bosse added that Trygvesta does not have the financial strength to acquire the entire unit .,negative
"Operating profit totaled EUR 6.7 mn , down from EUR 7.2 mn in the corresponding period in 2005 .",negative
The dismissed staff members will now take the matter to court unless it can be settled outside .,negative
The company said that its comparable operating profit for the January-June period fell short of last year 's corresponding performance .,negative
- UPM-Kymmene upgraded to ` in-line ' from ` underperform ' by Goldman Sachs .,positive
Her present position is the director of Stockmann 's international department stores .,neutral
"According to ACNielsen 's ScanTrack study for the period week 10 of 2005 to week 9 of 2006 , Coca-Cola is the market leader in soft drinks in Finland .",positive
Swedish Wallenberg family controlled Investor has bought a large stake of C shares in Swedish retail bank SEB .,neutral
"- BEIJING XFN-ASIA - Hong Kong-listed Standard Chartered Bank said it has signed a China mobile phone dealer financing agreement with Nokia , making it the first foreign bank to offer financing to the country 's small and medium enterprise -LR",positive
"2009 3 February 2010 - Finland-based steel maker Rautaruukki Oyj ( HEL : RTRKS ) , or Ruukki , said today it slipped to a larger-than-expected pretax loss of EUR46m in the fourth quarter of 2009 from a year-earlier profit of EUR45m .",negative
"9 September 2010 - Finnish stationery and gift retailer Tiimari HEL : TII1V said today its net sales rose by 2 % year-on-year to EUR5 .7 m in August 2010 , driven by growth in Finland , while demand in the Baltics remained weak .",positive
"For example , net sales increased by 5.9 % from the first quarter , and EBITDA increased from a negative EUR 0.2 mn in the first quarter of 2009 .",positive
"Tornio Works employs 2,300 of whom more than 1,800 have been in the scope of the fixed-period or part-time temporary layoffs in April-October period .",negative
The Group 's cash flow from operations will be positive .,positive
"The company was supposed to deliver machinery to a veneer mill in the Tomsk region , in Russia .",neutral
Vacon will supply drives to Ruselprom in the power range from 200 kW up to 2 MW .,neutral
They are also upset that some of the machinery and work is taken over to Poland .,negative
The event can also be viewed as a live audio webcast at www.ahlstrom.com .,neutral
Financial terms were n't disclosed .,neutral
10 February 2011 - Finnish media company Sanoma Oyj HEL : SAA1V said yesterday its 2010 net profit almost tripled to EUR297 .3 m from EUR107 .1 m for 2009 and announced a proposal for a raised payout .,positive
"At the moment , there are approximately 20 Vianor sales offices in Russia .",neutral
The company anticipates its turnover for the whole 2010 to surpass that of the previous year when it was EUR 67.1 million .,positive
Commission income fell to EUR 4.6 mn from EUR 5.1 mn in the corresponding period in 2007 .,negative
"For the fiscal year ending September 30 , 2009 the revenue from these customers was $ 10.012 million or around 11.0 % of the transportation group 's revenue .",neutral
"According to Scanfil , demand for telecommunications network products has fluctuated significantly in the third quarter of 2006 , and the situation is expected to remain unstable for the rest of the year .",negative
"Finnish IT solutions provider Affecto Oyj HEL : AFE1V said today its slipped to a net loss of EUR 115,000 USD 152,000 in the second quarter of 2010 from a profit of EUR 845,000 in the corresponding period a year earlier .",negative
`` Consumers have very well received our packed fresh meat .,positive
The Elcoteq group recently announced that the last three months of the previous year brought to it a major loss of more than half a billion kroons ( EUR 32 mln ) for the fifth quarter running .,negative
"We look forward to take part in the future development of the company , '' says Tomas Billing , President of Nordstjernan .",neutral
"In Finland , Sampo Bank , now part of the Danske Bank group , will lay off staff from the administrative and support functions .",negative
Panostaja did not disclose the purchase price .,neutral
The total need for staff cuts corresponds to about 300 man-years .,negative
Olli-Pekka Kallasvuo was elected as vice chairman of the Board .,neutral
"Net sales for the financial year 2006 are expected to amount to about EUR20m and the operating result EBIT is expected to be a loss , as announced before .",negative
"Thereby , the company will expand its offering to North , Central and South America .",positive
"Dubbed Nokia Money Solutions , company officials say the initiative would seek to bridge the gap between the banked and unbanked in developing countries .",positive
SHARE REPURCHASE 11.01.2008 In the Helsinki Stock Exchange On behalf of Sampo plc Danske Bank A-S Helsinki Branch,neutral
"Finnish shipping company Finnlines , of the Grimaldi Group , reports its net sales decreased to EUR 241.8 mn in January-June 2009 from EUR 384.0 mn in the corresponding period in 2008 .",negative
"Operating profit margin was 8.3 % , compared to 11.8 % a year earlier .",negative
"The iTunes-based material will be accessible on Windows-based or Macintosh computers and transferable to portable devices , including Apple 's iPods .",positive
"`` We are very pleased to be working with Fujitsu and NTT DoCoMo to advance the progress of LTE , '' said Juergen Walter , Head of Converged Core , Nokia Siemens Networks .",positive
"The previously concluded adaptation measures , concerning other staff , were adequate for the time being , and the planning operations continue as before at the plant , the company said .",positive
"( ADP News ) - Nov 28 , 2008 - Finnish power-supply solutions provider Efore Oyj ( OMX : EFO1V ) announced today the launch of OPUS DC , the latest power system in its OPUS product line .",positive
Turnover rose to EUR21m from EUR17m .,positive
"Cash flow after investments amounted to EUR45m , down from EUR46m .",negative
A & euro ; 4.8 million investment in 13.6 % of Lewa netted Deutsche Beteiligungs & euro ; 21 million .,positive
"Uponor made an operating profit of EUR 151.0 mn , up from EUR 143.7 mn , which made 2007 a record year .",positive
"On January 29 , 2009 The largest Nordic bank Nordea and Finnish retail chain Stockmann launched a regionally unique cooperation project : they are the first to introduce a common MasterCard credit card enabling payments in different states and stores .",neutral
Teleste BK Optiflex amplifier products will be used in ongoing capacity upgrade of KDG 's network to bi-directionality .,neutral
"Both operating profit and turnover for the three-month period increased , respectively from EUR0 .9 m and EUR8 .3 m , as compared to the corresponding period in 2005 .",positive
NWC ANALYSIS :,neutral
"Latin America currently accounts for approximately 40 % of sales at Finnish BSS-OSS and VAS supplier for telecoms operators Tecnotree , company president and CEO Eero Mertano told BNamericas .",neutral
"POYRY PLC Additional information by : Heikki Malinen , President and CEO , Poyry PLC tel. +358 10 33 21307 Poyry is a global expert in consulting and engineering .",neutral
The airline 's share price closed down slightly at (  x20ac ) 12.51 ( $ 15US .74 ) in Helsinki .,negative
Finnish pharmaceuticals company Orion 's net sales rose to EUR 190mn in the first quarter of 2009 from EUR 180mn in the first quarter of 2008 .,positive
The company will build altogether 130 new substations by the end of this year .,neutral
Glaston 's net profit for the third quarter of 2007 dropped to 2.4 mln euro ( $ 3.5 mln ) from 3.5 mln euro ( $ 5.1 mln ) for the corresponding period of 2006 .,negative
"Addus ' services include personal care and assistance with activities of daily living , skilled nursing and rehabilitative therapies , and adult day care .",neutral
He also mentions that this improvement to the service follows the recent expansion of the Finnlines service from Bilbao via Antwerp and Helsinki and from Hull via Helsinki to St. Petersburg .,positive
"HELSINKI ( AFX ) - Metso said it will upgrade one of UPM-Kymmene 's four paper machines at the latter 's mill in Jaemsaenkoski with a new coating color supply system , machine and process controls and quality measurements .",positive
The report will be emailed within 2 business days of an order .,neutral
"PA ) , JPMorgan Chase and Co ( NYSE : JPM ) and Pohjoa Bank are joint lead-managers on the senior , unsecured deal .",neutral
"Currently Glaston employs approximately 1,500 persons .",neutral
"ST. PETERSBURG , Oct 14 ( PRIME-TASS ) -- Finnish tire producer Nokian Tyres plans to invest about 50 million euros in the expansion of its tire plant in the city of Vsevolozhsk in Russia 's Leningrad Region in 2011 , the company 's President Kim Gran told reporters Thursday .",positive
"Finnish lifting equipment maker Kone Oyj said on October 4 , 2007 it won an order worth 15 mln euro $ 21.2 mln to deliver a total of 53 custom designed elevators to Norwegian shipbuilder Aker Yards ASA .",positive
Aspo has also investigated the sales opportunities of Kaukomarkkinat 's electronics business .,neutral
Subscription sales decreased slightly .,negative
"Additionally , the company will terminate a maximum nine salaried and senior salaried employees ' employment contracts .",negative
"In January-September 2007 , the group 's net sales from continuing operations rose to EUR 213.1 mn from EUR 172.6 mn in the corresponding period in 2006 .",positive
Industry Investment is very interested in Glaston 's solar energy projects .,positive
"The dollar fell , though , against the pound and the yen .",negative
Chief executive officer Olli-Pekka Kallasvuo 's changes on Tuesday mark the third time in nine months the company has reshuffled executives and operations as Nokia loses ground to Apple 's iPhone and RIM 's BlackBerry .,negative
"a January 11 , 2010 EPHC board of directors has approved an increase in the quarterly dividend from $ 0.03 to $ 0.05 per share .",positive
"Operating loss totalled EUR 3.2 mn , compared to a profit of EUR 7.2 mn in the third quarter of 2008 .",negative
"Coca-Cola was the market leader of manufacturers with a market share of 36.9 % , down 2.2 % from the corresponding period in 2004-2005 .",negative
Subject-matter of the invention furthermore is the use of the cyclone for separating partly molten particles . '',neutral
"In Finland , snow storms brought trees down on power lines , cutting off electricity for some 2,000 households .",negative
"`` This transaction supports Huhtamaki 's strategic review of rigid plastic consumer goods operations '' , says Huhtam+Æki Oyj 's CEO Jukka Moisio .",neutral
"CapMan 's first real estate fund , which had a total investment capacity of ( EURO ) 500 million and closed in June 2005 , invested in commercial properties in the Helsinki metropolitan area .",neutral
"In addition , Kone signed a two-year maintenance contract for the escalators .",positive
"Samsung currently occupies third place and lost ground during the quarter , dropping by 1.8 % to an 11.1 % share overall .",negative
I thank Jarmo Ukonaho warmly for his contribution and wish him all the best in the future challenges . '',neutral
"Equity ratio was 60.9 % compared to 54.2 % In the third quarter of 2007 , net sales of the Frozen Foods Business totaled EUR 11.0 , up by about 5 % from the third quarter of 2006 .",positive
"The major part of the deliveries include different AC and CXE amplifier solutions and products by DINH Telecom , a company acquired by Teleste last spring .",neutral
"In the reporting period , the company 's operating profit grew by 43.2 % to EUR 6 million .",positive
Commencing the construction works of Pearl Plaza is a significant step in our Russian projects .,positive
"UK 's Sarantel to outsource part of its processes to Elcoteq plant in Estonia LONDON , Oct 13 , BNS - The British miniature antennas maker Sarantel has signed an agreement to outsource its assembly test and supply chain processes to the plant of Elcoteq in the Estonian capital Tallinn .",neutral
"The company 's annual loss amounted to EEK 18mn , compared to a profit of EEK 7.3 mn in 2008 .",negative
The 2015 target for net sales has been set at EUR 1bn and the target for return on investment at over 20 % .,positive
"Finnair 's Tallinn-based subsidiary , Aero AS , carried 23,335 passengers , a decline of 60.8 % , on routes between Helsinki and the Baltic capitals and within Southern Finland .",negative
"Operating profit of operations in Finland in the period under review totaled EUR 11.3 mn , remaining at the 2005 level .",neutral
A new Kveyt light variety of Suomalainen Pekoni marketed under the Atria brand name is now available to consumers in Finland .,positive
A survey conducted by Taloustutkimus for Sampo Life shows that companies are badly prepared to losing key staff members .,negative
"Temporary lay-offs , affecting the entire workforce , will also be implemented .",negative
The first ship has been delayed and is estimated to be completed in spring 2010 .,negative
"`` We 're delighted with the move '' says Morna Cowie , co-owner , above , `` it 's double the size of our current shop and has a lovely feel to it . ''",positive
"We now have both the opportunity and the responsibility to create a new journalistic culture to serve the readers of Alma Media 's newspapers , `` says Hannu Ollikainen , head of the new Helsinki desk .",neutral
Metso will supply the equipment for two process lines at Northland Resources ' new Kaunisvaara iron ore project in Sweden which exploits Tapuli and Sahavaara iron ore deposits .,positive
"The world of glass is coming to Egypt and we invite Visitors from all around the world to attend Glass World Exhibition 2009 , Register Now at www.glassworldex.com",neutral
Business boomed after Ostrom helped plant a small story about Rapala lures in a Life magazine issue that featured Marilyn Monroe on the cover .,positive
Ruukki 's order book at the end of 2010 was 30 % up year-on-year and 10 % up quarter-on-quarter .,positive
"Nevertheless , Fitch notes that the business fundamentals of the three banks currently remain sound .",positive
Finnish M-real 's Kyro mill is starting negotiations to cut staff .,negative
Both sources said Nokia would unveil its new phone code-named `` Tube '' on Oct. 2 at an analyst and media event in London .,neutral
"According to Arokarhu , some of the purchases that had been scanned into the cash register computer disappeared when the total sum key was pressed .",negative
Customers in a wide range of industries use our stainless steel and services worldwide .,neutral
Operating profit rose to EUR 4.7 mn from EUR 3.6 mn .,positive
Arena Partners Oy is a development company for electronic business .,neutral
It also turned in earnings per share ( EPS ) of EUR 0.44 versus loss per share of EUR 2.26 .,positive
"Operating profit totalled EUR 9.0 mn , down from EUR 9.7 mn in the first half of 2008 .",negative
"JP Morgan expects that Scala will lower Nobel Biocare 's growth forecast for 2007 from the current guidance of 23-25 pct , as well as the operating margin target from the current 34-35 pct .",negative
"Fiskars , a 360-year-old global business best known for its orange-handled scissors , expects to derive synergies of EUR5 million a year by consolidating certain parts of the housewares division where the two compete .",positive
"The study evaluated the safety , tolerability and pharmacokinetics of repeated doses of intravenously administered antibody in 26 patients with active plaque psoriasis .",neutral
"YIT lodged counter claims against Neste Oil totaling some EUR25m , primarily based on work carried out under the contract and additional costs incurred due to prolongation of the project .",negative
"In a separate announcement to the Helsinki stock exchange , Atria revealed that the company 's third quarter profits declined from EUR13 .9 m in the third quarter of last year to EUR12 .7 m in this year 's Q3 .",negative
In Sweden the agreement covers data communication services as well .,neutral
"The floor area of the Yliopistonrinne project will be 7,900 sq m 85,030 sq ft and the building 's gross area will total 12,800 sq m. A total 25.1 % of the facilities have been let .",neutral
The sale of the food potato business is part of Raisio 's plan to streamline and clarify its business operations .,neutral
"Ahlstrom 's 5,700 employees serve customers via sales offices and production facilities in more than 20 countries on six continents .",neutral
"Operating loss before non-recurring items was EUR 0.9 mn , compared to a profit of EUR 11.5 mn in 2008 .",negative
"According to Schmardin , Nordea will most likely try to win customers over from other pension fund providers .",positive
An Android app will be coming soon .,neutral
"Ruukki 's delivery volumes and selling prices showed favourable development and the company 's comparable net sales grew by 50 % year-on-year to EUR647m , CEO Sakari Tamminen said .",positive
"TietoEnator itself uses Nokia 's Intellisync Mobile Suite 's wireless email , calendar , and device management capabilities , and the company will now extend these services to its customers .",positive
"The mill 's raw material need will increase by 100,000 m3 of wood .",neutral
The handset maker did not disclose any financial details .,neutral
"Operating profit before non-recurring items was EUR 8.3 mn in the first nine months of 2008 , compared to EUR 8.4 in the corresponding period in 2007 .",negative
The pretax profit of the group 's life insurance business increased to EUR36m from EUR27m .,positive
More staff has been recruited in Japan to further complement its network of close to 50 service locations in more than 20 countries worldwide .,positive
"Panostaja , headquartered in Tampere , Finland , is an investment company focusing on small and medium-sized Finnish companies operating in the traditional industries .",neutral
"---------------------------------------------------------------------- -------------- Munich , 14 January 2008 : BAVARIA Industriekapital AG closed the acquisition of Elcoteq Communications Technology GmbH in Offenburg , Germany , with the approval of the",neutral
"The study was not designed to enable formal statistical evaluation of therapeutic activity , the company said .",neutral
"According to CEO Matti Perkonoja of the parent company HKScan , the company 's performance in the first quarter of 2010 has remained clearly below the level of the corresponding period in 2009 .",negative
Mobile data transfer is expected to increase explosively in the LTE era .,neutral
Construction volumes meanwhile grow at a rate of 10-15 percent annually .,positive
"For 2009 , net profit was EUR3m and the company paid a dividend of EUR1 .30 apiece .",neutral
"However , the company saw its net profit for the third quarter down to EUR1 .4 m from EUR1 .5 m for the corresponding period of 2009 .",negative
"As a result , the company will temporarily lay-off 25 % of the whole personnel , approximately 270 persons at Kirkkonummi and Nivala factories .",negative
"Full-year net sales are expected to increase by approximately 10 % , the company said .",positive
"Publishing Sweden 's operating loss was EUR 1.1 mn in Q1 of 2009 , compared to a profit of EUR 0.6 mn a year ago .",negative
"Olvi 's target is to strengthen its market share in soft drinks , mineral waters , ciders , long drinks , and energy drinks .",neutral
Finlan 's listed food industry company HKScan Group controlled companies in the Baltics improved revenues by EUR 3.5 mn to EUR 160.4 mn in 2010 from EUR 156.9 mn in the year before .,positive
"It expects revenue between $ 8.4 billion and $ 8.7 billion , compared to analyst estimates of $ 8.67 billion .",neutral
Talvivaara has secured a 10-year off-take agreement for 100 per cent of its main output of nickel and cobalt to Norilsk Nickel and entered into a long-term zinc streaming agreement with Nyrstar NV .,positive
"Many of the commercial vessels had got stuck in the narrow Bay of Bothnia , where the ice is thicker , and around the Aaland islands .",negative
"In 2009 , Stora Enso 's net loss was EUR 879.7 million compared to EUR 673.4 million in the previous year .",negative
"Nevertheless , its market share rose to 49.14 percent from 48.51 percent a year earlier .",positive
"Compared with the FTSE 100 index , which rose 36.7 points ( or 0.6 % ) on the day , this was a relative price change of -0.2 % .",negative
"Maggie Ramsey 's wait - and those of thousands of Oregon and Washington guides , anglers and others who flock to his frequent seminars - is nearly over .",neutral
Terms of the acquisition were not disclosed .,neutral
"The OMX Helsinki index was 0.33 pct lower at 9,364.80 , while the OMX Helsinki CAP portfolio index was down 0.34 pct at 5,029.25 .",negative
The acquisition will considerably increase Kemira 's sales and market position in the Russian metal industry coatings market .,positive
"Profit for the period was EUR 10.9 mn , down from EUR 14.3 mn in 2009 .",negative
Production will expand to other of Elcoteq 's locations including Mexico and Hungary during 2010 .,positive
M-real 's sales are expected to have increased by 4 % year-on-year to EUR609m in the second quarter of 2010 .,positive
The emerging markets that Raisio has chosen to enter so far are marked by relatively low per capita food consumption .,neutral
Reported operating margin was a negative 5.9 % .,negative
"The German company has also signed a code share agreement with another Oneworld member -- American Airlines Inc , part of US-based AMR Corp ( NYSE : AMR ) .",positive
`` The rest of this week 's tapings of Jimmy Kimmel Live have been canceled until he is back on his feet .,neutral
"Previously , the plant was expected to be completed by the end of 2008 .",neutral
The company pledged that the new software would render e-mails and other documents much as they appear on desktop computers .,neutral
Scanfil will execute the temporary lay-offs by mid-October 2009 and the job cuts by March 2010 .,negative
"According to Finnish Aktia Bank 's Managing Director Jussi Laitinen , the bank 's aim is to triple the number of its customers in Finland in the next five years .",positive
"Excluding non-recurring items , pre-tax profit surged 45 % to EUR80m .",positive
The bank 's leasing arm Nordea Liising ended the year with a profit of 4.4 million euros .,neutral
For the new shares subscribed with stock options all shareholder rights commence from the date on which they are entered into the Trade Register .,neutral
"The approximately 20,000 dwt vessel has been ordered from India .",neutral
The company confirmed its estimate for lower revenue for the whole 2009 than the year-ago EUR 93.9 million USD 137.3 m as given in the interim report on August 5 .,negative
Rivals say Qualcomm has fewer patents on 3G phones than on earlier versions and should lower its rates .,negative
In February the Elcoteq group sold its St Petersburg facility ; according to unconfirmed information the reason could have been supply problems because of the Russian customs service .,negative
"As a result , the company has decided it will implement fixed-term temporary lay-offs .",negative
Diluted earnings per share ( EPS ) declined to EUR 0.78 from EUR 1.76 .,negative
"After the split , the number of K shares will be 9 540 000 and the number of A shares 26 885 540 .",neutral
The acquisition of Boomeranger Boats Oy is in line with the Done Solutions strategy of developing its business through company acquisitions .,positive
"According to Finnish petrol station chain St1 's managing director Kim Wiio , the company was forced to make purchases with rising prices in the first half of 2008 , and now consumer prices are going down almost daily due to competition .",negative
"The area will also include some central buildings , and Honkarakenne has started negotiations on their delivery .",neutral
"For 24-hour news , try ICIS news www.icis.com Click `` trial '' , then ICIS news",neutral
Previously the company has estimated its operating profit to reach the level of 2005 only .,positive
"An  of the invention , released by the Patent Office , said : `` A non-coherent search matrix is formed of said correlation function matrix .",neutral
"Finnish energy company Fortum Oyj said on November 13 , 2007 it was granted an environmental permit to build a biofuel-fired combined heat and power CHP plant in Vartan harbor in eastern Stockholm .",positive
GSK announced in November 2008 that it would close its operations in Dartford .,negative
Kershaw takes up the position with immediate effect from her previous role as marketing manager of Sankey Home & Garden Products .,neutral
"Biohit said that it will reduce the number of leased personnel by 10 , and lay off 10 of its own personnel .",negative
"Konecranes Oyj KCR1V FH fell 5.5 percent to 20.51 euros , the biggest fall since June .",negative
"ABN Amro Capital has agreed to sell its Helsinki-based designer homeware producer , Iittala Oyj , to crosstown consumer products group Fiskars Corp. , for EUR230 million to EUR235 million ( $ 310 million to $ 316 million ) .",neutral
"At present , the trade mark Pit-Produkt is little-known outside the North-West of Russia .",negative
"The steelmaker said that the drop in profit was explained by the continuing economic uncertainty , mixed with the current drought in bank lending , resulting in a decline in demand for its products as customers find it increasingly difficult to fund operations .",negative
"Boomeranger Boats Oy specialises in boat building and designs , manufactures and sells customised Rigid Inflatable Boats RIB primarily for the Baltic Sea market .",neutral
"Konecranes has previously communicated an estimated reduction of about 1,600 employees on group level in 2009 .",negative
"The connectivity unit has more than 100 e-invoice customers , and the number of annual transactions stands at nearly one million .",neutral
"Metso Foundries Jyvaskyla , Inc. will begin personnel negotiations on temporary lay-offs and personnel reductions in Jyvaskyla , Finland .",negative
"Finnish plumbing and heating systems supplier Uponor 's net sales in continuing business operations decreased to EUR 249.1 mn in July-September 2008 , compared to EUR 262.1 mn in the third quarter of 2007 .",negative
"Last year , UPM cut production , closed mills in Finland and slashed 700 jobs .",negative
"Finnish retailer Stockmann has won approval from the board of Swedish rival Lindex for a public tender offer with the aim of expanding the companies ' presence in Russia and other CEE countries , Stockmann said Monday .",positive
"Growth was strongest in F-Secure 's operator ISPs , mobile operators and cable operators business .",positive
Altogether Finnair has canceled over 500 flights because of the strike .,negative
Finnish metal products company Componenta Oyj net profit went slightly down to 25.1 mln euro ( $ 40.2 mln ) for the first half of 2008 from 25.4 mln euro ( $ 40.7 mln ) for the same period of 2007 .,negative
The administrators have indicated a need for 900 job cuts at the Irish insurer over the next 15 months .,negative
"OTHER  North-Rhine Westphalia - Is to issue a benchmark , 5 year fixed rate deal in Euros .",neutral
Cymed 's net sales are expected to amount to EUR 3.5 mn in 2006 .,neutral
Pretax profit rose to EUR 17.8 mn from EUR 14.9 mn in 2005 .,positive
"Sales in Finland decreased by 10.5 % in January , while sales outside Finland dropped by 17 % .",negative
"Unlisted British Biologicals makes B - and D - proteins , and other disease-specific supplements that cover diabetes , hepatitis , asthma and other cardiovascular ailments .",neutral
During the negotiations a reduction of 21 persons has taken place through natural redundancy or termination of fixed-term contracts .,neutral
"The international electronic industry company Elcoteq has laid off tens of employees from its Tallinn facility ; contrary to earlier layoffs the company contracted the ranks of its office workers , the daily Postimees reported .",negative
This is the first time Finnair has been awarded an agreement with the UK government .,positive
The expansion will be delivered in the fourth quarter of 2006 .,neutral
The third order awarded to Outokumpu Technology is by Shalkiya Zinc of Kazakhstan for the Shalkiya zinc-lead project in Kazakhstan .,positive
"Shares in Royal and Sun Alliance continued to slide back from a 12-month high of 172p last month , after a potential suitor ruled itself out of a takeover bid .",negative
Vacon 's cash flow from operations grew to EUR 37.1 mn from EUR 21.9 mn a year ago .,positive
Sales by Seppala diminished by 6 per cent .,negative
Yvonne Jones is owner of Chameleon Interiors .,neutral
The agreement includes the entire process of managing Mercator 's supply chain in all regions where the company is currently present .,neutral
"In the third quarter , net sales increased by 12 % year-on-year to EUR 159.5 million , or by 6 % at comparable currency rates growth .",positive
"Kesko 's car import and retailing business , VV-Auto , saw sales grow by 17.1 pct .",positive
"Comparable operating profit totaled EUR 4.7 mn , down from EUR 5.1 mn in the corresponding period in 2005 , representing 7.4 % of net sales .",negative
"Look out for vintage fabric cushion covers , '70s coffee pots , ceramic serving dishes , cocktail glasses , and stainless steel party dishes .",neutral
"According to Rautaruukki , the company wants to promote the use of emission-free energy sources .",neutral
Sunrise Resources operates in Russian near-shore development markets through its wholly-owned Russian subsidiary and has 80 % of its personnel in Russia .,neutral
"Dolce & Gabbana has asked the European Union to declare Marimekko Corporation 's `` Unikko '' floral pattern trademark invalid , in a continuing dispute between the two companies .",negative
"Finnish Suominen Flexible Packaging is cutting 48 jobs in its unit in Tampere and two in Nastola , in Finland .",negative
"Also Ruukki Construction , Rautaruukki 's construction division , is initiating employer-employee negotiations at its sites in Alaj+Ærvi , Vimpeli and Per+Æsein+Æjoki in Finland .",neutral
"The seminar introduced modern , clean technologies and products , financial tools and sponsorship programs for energy and environment projects as well as the potential to develop clean energy in Vietnam .",positive
"Finnish Suominen Corporation that makes wipes , nonwovens , and flexible packaging , expects changes in the market situation to reduce sales of Suominen 's nonwovens and wet wipes from the previously estimated volumes .",negative
Finnish bank Alandsbanken said Monday it will buy the Swedish operations of Iceland 's troubled Kaupthing Bank for 414 million kronor $ 49.5 million in cash .,neutral
"`` We can say that the number of deals has become normalized by the moment , and therefore we have decided to devalue our apartments now on sale , '' he added .",negative
`` The combined activities will create value for shareholders and be good for our employees and customers .,positive
TeliaSonera is the leading telecommunications company in the Nordic and Baltic regions .,positive
The acquisition of +_landsbanken Sverige in 2009 burdened the performance with EUR 3.0 mn .,negative
"The company 's profit before taxes fell to EUR 21.1 mn in the third quarter of 2008 , compared to EUR 35.8 mn in the corresponding period in 2007 .",negative
Revenue grew 12 percent to (  x20ac ) 3.6 billion ( US$ 4.5 billion ) .,positive
The air traffic of Finland has been in stoppage since then .,negative
"SRV will raise its holding in the company so that by the summer of 2008 , it will have a majority .",positive
Finnair was able to operate most of its leisure flights despite the strike .,positive
"Operating profit was EUR 11.07 mn , up from EUR 8.65 mn .",positive
"Please inform IR Johanna Koskinen of your participation no later than 20 April at 10 a.m. A telephone conference for financial analysts and investors , conducted in English , will begin at 3:00 p.m. Finnish time ( EET ) .",neutral
We are now in a position to pursue novel clinical candidates going forward . '',positive
The first group of customers to be trained will be paint-shop owners and their assistants .,neutral
Ruukki forecast a 15-20 % annual sales growth and a positive pretax result for 2010 .,positive
The impact of Cableway to Teleste 's net sales in 2009 is estimated to be EUR 4 million .,neutral
"This new deal has strengthened the partnership from Telemig Celular and Tecnomen , which it has started since the beginning of Telemig 's prepaid operations .",positive
"We can choose the most efficient , best overall value option for our customers already at the bidding stage .",positive
The agreement strengthens our long-term partnership with Nokia Siemens Networks .,positive
"With the measures , Suominen Corporation aims to ensure the competitiveness of the Flexible Packaging business in the long term .",positive
"Then , it said the contract was estimated to contribute more than EUR150m to its net sales in 2010 .",positive
Sponda will record a profit from the sale of 8.5 mln euro ($ 12.4 mln).,positive
"Mr. McDonald started the evening with his own set , featuring hits from his solo career and his Doobie Brothers years and a selection of R&B cover songs that met with mixed results .",neutral
"Operating profit totalled EUR 9.6 mn , down from EUR 42.0 mn the year before .",negative
Incap Furniture is presently negotiating staff cuts .,negative
"Of the company 's net sales , 38 % was acquired in Finland , 21 % in other European countries , 40 % in Asia , and 1 % in the US .",neutral
The fair value of the company 's investment properties went down to EUR 2.768 billion at the end of 2009 from EUR 2.916 billion a year earlier .,negative
"Cost savings will then rise to some 20 mln eur a year from 2007 , OKO said .",positive
"To prove the efficiency of the China Mobile system , Rod Baber , an English climber , climbed to the Mount Everest summit and successfully made calls .",positive
Kesko has previously published a stock exchange release concerning the deal on 7 February 2007 .,neutral
The hack had been extra nefarious because the tweets activated without being clicked on - it was enough for Web surfers to move their mouse cursors over them .,negative
"The company designs , manufactures and markets advanced composite products for industrial applications and consumer goods such as cross-country , alpine and Nordic Walking poles , floorball sticks and antenna radomes .",neutral
"Kiosk and cinema operations have suffered , in particular .",negative
The representative body of Swedish Meats approved an improved offer from Finnish HK Ruokatalo to acquire the company .,positive
55 workers in +_m+_l will be affected by the close-down .,negative
"In the building and home improvement trade , net sales totalled EUR 1,173 mn , down from EUR 1,566 mn a year earlier .",negative
"According to Viking Line 's Managing Director , Nils-Erik Eklund , the company 's Board of Directors is very satisfied with Viking Line 's performance .",positive
Finnish waste management and cleaning group Lassila & Tikanoja Oyj ( L&T ) net profit went down to 32.2 mln euro ( $ 47.7 mln ) for 2007 from 35.3 mln euro ( $ 52.3 mln ) for 2006 .,negative
"Making matters more difficult , the company said it has been grappling with higher oil and gas prices , which have pushed up the cost of energy , raw materials and transportation .",negative
COPYRIGHT AFX News and AFX Financial News Logo are registered trademarks of AFX News Limited,neutral
"When the product is manufactured in Finland , it is also packed in the country .",neutral
"Also Finnish Industry Investment , a government-owned investment company , will participate in the project .",neutral
Gearing was 43 % compared to 67 % in 2004 .,neutral
"Of course , you 'll have direct access to Nokia 's Ovi store , so you 'll have lots of fun downloading your favorite media .",neutral
"Unbelievably , the company that makes them - Fiskars Corporation - was formed in 1649 when a Dutch merchant named Peter Thorwoste was given a charter to establish a blast furnace and forging operation in the small Finnish village of Fiskars .",neutral
"POYRY PLC Additional information by : Martin Kuzaj , President , Industry Business Group , Finland Tel. +358 10 33 21179 Sanna Paivaniemi , Director , Investor Relations , Poyry PLC , Finland Tel. +358 10 33 23002 Poyry is a global consulting and engineering company dedicated to balanced sustainability .",neutral
With this appointment Kaupthing Bank aims to further co-ordinate Capital Markets activities within the Group and to improve the overall service to clients .,positive
Approval by shareholders of Cencorp in accordance with Finnish law .,neutral
"Operating result , excluding one-off items , totaled EUR 9.1 mn compared to EUR 10.6 mn in continuing operations , excluding one-off items in 2004 .",negative
"Operating loss totaled EUR 0.8 mn , compared to a profit of EUR 0.5 mn .",negative
"HELSINKI Thomson Financial - Shares in Cargotec fell sharply in early afternoon trade after the cargo handling group posted a surprise drop in April-June profits , which overshadowed the large number of new orders received during the three months .",negative
"We warmly welcome him to Satama '' , states Jussi Lansio , chairman of the Board .",positive
The Swedish player became majority owner of UCell in mid-2007 .,neutral
Danish company FLSmidth has acknowledged that it has violated a patent held by Finnish Metso .,negative
"At 12.59 pm , the OMX Helsinki 25 index was 0.32 pct lower at 2,694.81 .",negative
And U.S. energy executives say high steel prices are threatening energy exploration .,negative
"SAN FRANCISCO ( MarketWatch ) -- Nokia Corp , the world 's largest cell-phone maker , is using the Consumer Electronics Show in Las Vegas to introduce a high-end , thin folding phone , according to a media report Monday .",neutral
"We offer challenging and interesting employment for over 20,000 people in 20 countries throughout Europe .",neutral
SysOpen Digia had signed an agreement with the main shareholders of Sentera holding in total 77.39 % of the share capital and votes of Sentera .,positive
"As a result , the company currently anticipates net sales to increase and the operating result to be positive .",positive
"One price category is for calls on the preferred operator 's network , and another for calls on other operators ' networks .",neutral
It helps our stakeholders get a better understanding of our operations and the challenges in stainless steel business .,neutral
Operating profit rose to EUR 27.8 mn from EUR 17.5 mn in 2008 .,positive
"( ADPnews ) - Feb 3 , 2010 - Finland-based steel maker Rautaruukki Oyj ( HEL : RTRKS ) , or Ruukki , said today it slipped to a larger-than-expected pretax loss of EUR 46 million ( USD 64.5 m ) in the fourth quarter of 2009 from a",negative
Incap Contract Manufacturing Services Private Limited has inked agreements with six new customers in India .,positive
"In addition to fireplace exports , demand for lining stone has exceeded the level of the earlier part of the year and will continue to be clearly brisker for the remainder of the year .",positive
"Antti Orkola , president of Kemira GrowHow 's Industrial Solutions unit , told Thomson Financial News the company has put off opening the mine as prices of phosphate have been ` quite depressed for a long time ' . '",negative
The contract is worth some EUR 1 million .,neutral
"Affecto will provide a new EFI Data Warehouse and reporting solution , behavioural scoring system supporting operational decision processes and Data Migration from old legacy systems to the new EFI system .",neutral
"The center offers a comprehensive range of device design services spanning from electronics , mechanics and software design to a full range of testing laboratory services .",neutral
Nordea Group 's operating profit increased in 2010 by 18 percent year-on-year to 3.64 billion euros and total revenue by 3 percent to 9.33 billion euros .,positive
"Pretax profit totalled EUR 2.0 mn , compared to a loss of EUR 159.2 mn in the fourth quarter of 2008 .",positive
Scanfil issued a profit warning on 10 April 2006 .,negative
EPS dropped to EUR0 .2 from EUR0 .3 .,negative
"Finnish AC drives manufacturer Vacon is acquiring the AC drives business of TB Wood 's , part of the US group Altra Holdings .",neutral
"In Finland , media group Talentum will start personnel negotiations to cut staff in parent company Talentum and publishing unit Talentum media .",negative
The company is studying the feasibility of focusing most of its processed meat production in the Vantaa facilities and the processing of fresh meat in the Forssa facilities .,neutral
Finnish stainless steel manufacturer Outokumpu in Degefors is planning to recruit new engineers in order to meet a retirement wave over the next few years .,neutral
Marketing will use Tikkurila 's existing infra structure and local knowledge in Russia .,neutral
"Operating result showed a loss of EUR 2.9 mn , while a year before , it showed a profit of EUR 0.6 mn .",negative
"Sami Sepp+Ænen , CEO for Elisa Eesti , says the novel network allows fast mobile broadband for sparsely populated areas .",neutral
The repurchases shall decrease the distributable capital and reserves .,negative
27 January 2011 - Finnish IT solutions provider Affecto Oyj ( HEL : AFE1V ) said today it has won a EUR1 .2 m ( USD1 .6 m ) contract from state-owned Lithuanian Social Insurance Institution ( SODRA ) .,positive
The stock rose for a third day on Tuesday bringing its three-day rise to GBX10 .50 or 1.8 % .,positive
Peer Peugeot fell 0.81 pct as its sales rose only 6.3 pct from the same period last year .,negative
It is in line with its plans to focus on selected growth segments and streamline corporate structure .,positive
Operating profit fell to EUR 23.26 mn from EUR 32.86 mn .,negative
"Last year , 8.3 million passengers flew the airline , down 4 percent from 2007 .",negative
"Via the move , the company aims annual savings of some EUR3m , the main part of which are expected to be realized this year .",positive
Finnish software developer Done Solutions Oyj said its net profit increased to 3.5 mln euro ( $ 4.6 mln ) in 2006 from 2.3 mln euro ( $ 3.0 mln ) in 2005 .,positive
These measures are expected to produce annual cost savings of EUR 1.5 million starting in 2007 .,positive
"Tiimari , the Finnish retailer , reported to have geenrated quarterly revenues totalling EUR 1.3 mn in the 4th quarter 2009 , up from EUR 0.3 mn loss in 2008 .",positive
F-Secure also point out the logical weakness in the sequenced numbers of a card approach that has apparently already been utilised .,negative
"Nokia will deliver a WCDMA 3G-HSPA radio network , including the modular , high capacity Nokia Flexi WCDMA base station to Indosat .",neutral
The estimated synergy benefits are at least EUR7m annually .,positive
"The important thing now is to keep the bank 's existing 15,000 customers .",neutral
Altia 's operating profit jumped to EUR 47 million from EUR 6.6 million .,positive
Panostaja is a financially secure Finnish multi-field corporation that creates healthy companies and company entities .,neutral
"The maximum grade of the veneer yield is calculated , based on the dimensions and grades of the veneer products , as well as by iterating the places of the peeling axes and simulating the peeling process .",neutral
"In parallel , TeliaSonera has decided to conduct a compulsory acquisition .",neutral
"Finnish textiles and clothing group Marimekko Oyj posted a net profit of 7.99 mln euro $ 10.4 mln for 2006 , compared to 8.4 mln euro $ 10.9 mln for 2005 .",negative
"In Q1 of 2009 , Bank of +_land 's net interest income weakened by 10 % to EUR 9.1 mn .",negative
"However , this increases signaling traffic which wastes network resources and allows fewer smartphones to connect .",negative
"A local waste management company , Turun Seudun J+Ætehuolto , has planned to set up a 150,000 tonne waste-burning facility .",neutral
AffectoGenimap builds highly customised IT solutions for its customers in Finland and the Baltic countries .,neutral
"` Our strategic cooperation with Rentakran brings us new customers and already-working relationships with the authorities of the new territories , ' said Jarmo Laasanen , a senior manager at Cramo .",positive
down to EUR5 .9 m H1 '09 3 August 2009 - Finnish media group Ilkka-Yhtyma Oyj ( HEL : ILK2S ) said today its net profit fell 45 % on the year to EUR5 .9 m in the first half of 2009 .,negative
"Operating profit excluding non-recurring items decreased to EUR 6.2 mn from EUR 16.8 mn in 2007 , representing 2.3 % of net sales .",negative
"In the second quarter of 2010 , Raute 's net loss narrowed to EUR 123,000 from EUR 1.5 million in the same period of 2009 .",positive
"The mall is part of the Baltic Pearl development project in the city of St Petersburg , where Baltic Pearl CJSC , a subsidiary of Shanghai Foreign Joint Investment Company , is developing homes for 35,000 people .",neutral
"( ADP News ) - Finnish handling systems provider Cargotec Oyj ( HEL : CGCBV ) announced on Friday it won orders worth EUR 10 million ( USD 13.2 m ) to deliver linkspans to Jordan , Morocco and Ireland .",positive
"In the third quarter of fiscal 2008 Efore swung to a net loss of EUR 400,000 versus a net profit of EUR 200,000 for the corresponding period of fiscal 2007 .",negative
21 October 2010 - Finnish fishing tackle company Rapala VMC Corp ( HEL : RAP1V ) said today its net profit rose to EUR18 .9 m for the first nine months of 2010 from EUR15 .1 m for the same period a year earlier .,positive
"SRV will also build an aqua park with wellness area , a restaurant and a multifunctional ice arena .",neutral
"Outotec said it won new orders worth 492.9 mln eur during the quarter , compared with 240.4 mln eur a year earlier .",positive
Finnish industrial group Ruukki Group has brought counter action against Finnish metal company Rautaruukki in the dispute concerning the names of the companies .,negative
Earnings per share ( EPS ) amounted to a loss of EUR0 .38 .,negative
"Operating profits in the half were  0.8 m , down from  0.9 m as Glisten invested in the brand and the management team .",negative
"Founded in 1994 , the company uses a six-step , time-focused , collaborative project approach to improve financial institutions ' revenue streams .",neutral
"Exel Composites ' long-term growth prospects remain favourable , however .",positive
"There are currently some ten shops selling Tikkurila 's paints in Kazakhstan , and more shops will be opened continuously .",neutral
The adjustment measures will be carried out in phases to secure the delivery capability .,neutral
"ALEXANDRIA , Va. , Oct. 6 -- United States Patent no. 7,804,288 , issued on Sept. 28 , was assigned to Vacon Oyj ( Vaasa , Finland ) .",neutral
"OUTOTEC OYJ PRESS RELEASE , FEBRUARY 19 , 2008 AT 11.00 AM Outotec has won two large minerals processing technology orders from Mirabela Mineracao do Brasil Ltda , Brazil and from Cumerio Med JSCo , Bulgaria .",positive
"The parties have agreed not to disclose the price of the deal , the group said in a press release .",neutral
"Net sales in 2010 were about EUR 2.0 billion , of which international operations accounted for roughly a quarter .",neutral
`` Low energy consumption and flexible loading are just a few of the advantages of the CHF Pro . '',neutral
"The company 's net profit amounted to EE 55.5 mn , which was 36 % more than in 2004 .",positive
Orion 's net profit for the third quarter of 2007 decreased to 36.5 mln euro ( $ 52.1 mln ) from 40.3 mln euro ( $ 57.5 mln ) a year earlier .,negative
Operating cash flow after investments totalled EUR 61.3 mn compared to EUR 75.3 mn in the corresponding period in 2007 .,negative
"At 1.33 pm , the OMX Helsinki 25 was 0.30 pct lower at 2,463.67 and the OMX Helsinki was down 0.37 pct at 8,537.42 on volume of 256 mln eur .",negative
"Scanfil , a systems supplier and contract manufacturer to the communications sector , will give notice to 20 productional employees , and temporarily lay off 15 employees at the company 's plant in Sievi , in Finland .",negative
The acquisition is part of Ramirent 's Central and Eastern European growth strategy .,neutral
"ADPnews - Feb 5 , 2010 - Finnish real estate investor Sponda Oyj HEL : SDA1V said today that it slipped to a net loss of EUR 81.5 million USD 11.8 m in 2009 from a profit of EUR 29.3 million in 2008 .",negative
"In the fourth quarter of 2008 , net sales increased by 2 % to EUR 1,050.7 mn from EUR 1,027.0 mn in the fourth quarter of 2007 .",positive
"Operating profit was EUR -0.1 mn , down from EUR 1.3 mn .",negative
Nokia will certainly disagree with Qualcomm 's views on the patent situation .,negative
Mr Kivimeister said John Deer former Timberjack stands to win in the situation : it controls around 60 % of Estonia 's forest machinery market .,positive
"Finnish electronics contract manufacturer Scanfil reports net sales of EUR 241.2 mn in 2006 , down from EUR 321.6 mn in 2005 .",negative
The announcement comes two weeks before a key licensing agreement expires between between the two companies which are embroiled in a disagreement over royalty payments for Texas Instrument chips which use Qualcomm-patented technology .,negative
"Founded in 1985 , Quatrocon 's clientele consists of public sector builders , central trading companies and major construction firms .",neutral
The aim is an annual improvement in Ruukki Construction 's operating profit of more than EUR 3 million USD 4.1 m starting in 2009 .,positive
Okmetic has used the furnaces for the contract manufacturing of solar crystals .,neutral
"So far Norwegian Norske Skog has reduced the staff levels by 1,000 people and plans to reduce production by 200,000 tons in 2008 , while Finnish-Swedish Stora Enso is to cut staff by 1,700 people and production by 500,000 tons .",negative
This is the second successful effort for the financial investor this year .,positive
Why not give your bedroom a cool makeover for summer .,neutral
"Consolidated operating profit excluding one-off items was EUR 30.6 mn , up from EUR 29.6 mn a year earlier .",positive
LSC 's 30 employees will move to Ixonos with their existing status and benefits .,neutral
"In Finland 's Hobby Hall 's sales decreased by 10 % , and international sales fell by 19 % .",negative
The operating margin came down to 2.4 % from 5.7 % .,negative
Cargotec 's business areas also include the container handling solutions business area Kalmar and the marine cargo handling and offshore load handling solutions business area MacGREGOR .,neutral
"Jun. 14 , 2009 ( AOL Weblogs delivered by Newstex ) -- Looks like the E71 is about to be upstaged as Nokia 's ( NYSE : NOK ) premier business-class smartphone -- someone in Espoo 's just hit the corporate YouTube account with this promo video for an E72 .",neutral
Elcoteq has a proven track record in electronics manufacturing services ( EMS ) and a global factory network coupled with modern manufacturing equipment and consistent systems and processes .,positive
16 February 2011 - Finnish industrial machinery company Metso Oyj ( HEL : MEO1V ) said today it will deliver minerals processing equipment and basic engineering to Canadian miner Northland Resources ( OSL : NAUR ) ( TSE : NAU ) .,positive
It is planned to set up the A class business center in the two top storeys of the complex .,neutral
The long-term contract is global .,positive
Earnings per share were at loss of EUR0 .24 .,negative
"ADPnews - Dec 23 , 2009 - Norwegian financial services group SpareBank 1 Gruppen AS OSL : SBGRP said its board of directors appointed today Jarle Haug managing director of its claims collection subsidiary SpareBank 1 Gruppen Finans",neutral
"Nokia said that its next generation mobile gaming platform makes it easy for people to find , buy , play and share rich and immersive games on a range of Nokia devices .",neutral
"In the building and home improvement trade , sales decreased by 22.5 % to EUR 201.4 mn .",negative
The company expects its net sales in the first half of 2008 to reach the previous year 's level .,positive
"Within the framework of the partnership , Nokia Siemens Networks has signed an initial framework purchase agreement with Sitronics subsidiary , JSC Mikron , which is the largest manufacturer and exporter of microelectronic components in Russia .",positive
Net sales of the Vegetable Oil Business rose to EUR 10.6 mn from EUR 10.1 mn .,positive
Finnish operator Elisa and Aker Yards have signed a long-term service deal through which Elisa will deliver all necessary voice and data services for Aker Yards in Finland .,positive
"The company 's objective is to offer the best people flow experience by developing and delivering solutions that enable people to move smoothly , safely , comfortably and without waiting in buildings in an increasingly urbanizing environment .",neutral
Finnish business software group AffectoGenimap Oyj said its net profit halved to 1.2 mln euro ( $ 1.5 mln ) in the first nine months of 2006 from 2.2 mln euro ( $ 2.8 mln ) in the same period of 2005 .,negative
Operating profit improved by 27 % to EUR 579.8 mn from EUR 457.2 mn in 2006 .,positive
